count,percentile_0,facility_type,floor_area_min,floor_area_max,percentile_50,standard_dev,percentile_25,percentile_75,percentile_100,mean
0,,Single Family - Detached,0.0,1000.0,,,,,,
18,13.437350134496054,Education - Other classroom,50000.0,100000.0,19.925072844848017,5.861686418265105,18.04024268212754,22.894776718718184,35.359037808485034,21.59725122060852
0,,Retail - Uncategorized,10000.0,20000.0,,,,,,
0,,Health Care - Inpatient,200000.0,14500000.0,,,,,,
0,,Food Service - Uncategorized,0.0,1000.0,,,,,,
0,,Commercial - Other,5000.0,10000.0,,,,,,
25,19.204617054271747,Office - Uncategorized,200000.0,14500000.0,52.55444228886066,22.086808124937207,41.40157724148953,60.697327530715974,122.03736297342532,54.382138606221524
0,,Retail - Big Box (> 50K sf),100000.0,200000.0,,,,,,
0,,Education - Other classroom,20000.0,50000.0,,,,,,
13,39.19708029197079,Service - Post office or postal center,10000.0,20000.0,75.28658536585364,23.123970332309778,61.28813559322033,90.11363636363635,109.59006211180123,76.18137649409854
0,,Commercial - Other,2000.0,5000.0,,,,,,
0,,Office - Uncategorized,5000.0,10000.0,,,,,,
11,34.274611812215376,Office - Uncategorized,100000.0,200000.0,55.699282069994915,12.571963514479402,45.641745329864946,63.93753100738526,71.44703152597133,54.12268071876583
10,13.417754888798704,Commercial - Uncategorized,200000.0,14500000.0,32.728798591202384,30.355082630421215,26.19833069464282,38.125962592578425,118.10295974224618,41.02750801290032
14,10.339307681801746,Retail - Uncategorized,50000.0,100000.0,47.546271913217865,18.199588447384933,33.75,51.5,79.0,44.728206488269606
13,7.012068954900634,Single Family - Detached,2000.0,5000.0,12.804593548722027,5.341691080966682,10.523973937217715,17.97947203334617,25.20007771339407,13.807515079430864
12,23.61175599984389,Office - Uncategorized,50000.0,100000.0,41.2620637231837,10.247649591032879,34.448398337591684,49.468858263532354,57.81114147909395,41.02510604597399
0,,Food Service - Uncategorized,2000.0,5000.0,,,,,,
0,,Apartment Unit,0.0,1000.0,,,,,,
19,6.85678635454672,Single Family - Detached,1000.0,2000.0,18.635734345638717,6.559949660389736,11.69104162512762,23.28453004060728,26.82145803316015,17.880042096913602
0,,Office - Uncategorized,20000.0,50000.0,,,,,,
0,,Education - Other classroom,100000.0,200000.0,,,,,,
0,,Food Service - Uncategorized,1000.0,2000.0,,,,,,
0,,Lodging - Hotel,200000.0,14500000.0,,,,,,
0,,Commercial - Other,10000.0,20000.0,,,,,,
